{
    "模型名称": "支持向量机",
    "混淆矩阵": {
        "true_negative": 3454,
        "false_positive": 184,
        "false_negative": 240,
        "true_positive": 3696
    },
    "评估指标": {
        "准确率": 0.9440190124108794,
        "精确率": 0.9525773195876288,
        "召回率": 0.9390243902439024,
        "F1分数": 0.9457523029682702
    },
    "详细分类报告": {
        "0": {
            "precision": 0.9350297780184083,
            "recall": 0.9494227597581089,
            "f1-score": 0.9421713038734315,
            "support": 3638.0
        },
        "1": {
            "precision": 0.9525773195876288,
            "recall": 0.9390243902439024,
            "f1-score": 0.9457523029682702,
            "support": 3936.0
        },
        "accuracy": 0.9440190124108794,
        "macro avg": {
            "precision": 0.9438035488030185,
            "recall": 0.9442235750010056,
            "f1-score": 0.9439618034208508,
            "support": 7574.0
        },
        "weighted avg": {
            "precision": 0.9441487539381933,
            "recall": 0.9440190124108794,
            "f1-score": 0.9440322508548529,
            "support": 7574.0
        }
    }
}