{
    "模型名称": "朴素贝叶斯",
    "混淆矩阵": {
        "true_negative": 3398,
        "false_positive": 240,
        "false_negative": 172,
        "true_positive": 3764
    },
    "评估指标": {
        "准确率": 0.9456033799841563,
        "精确率": 0.9400599400599401,
        "召回率": 0.9563008130081301,
        "F1分数": 0.9481108312342569
    },
    "详细分类报告": {
        "0": {
            "precision": 0.9518207282913165,
            "recall": 0.9340296866410115,
            "f1-score": 0.9428412874583796,
            "support": 3638.0
        },
        "1": {
            "precision": 0.9400599400599401,
            "recall": 0.9563008130081301,
            "f1-score": 0.9481108312342569,
            "support": 3936.0
        },
        "accuracy": 0.9456033799841563,
        "macro avg": {
            "precision": 0.9459403341756283,
            "recall": 0.9451652498245708,
            "f1-score": 0.9454760593463183,
            "support": 7574.0
        },
        "weighted avg": {
            "precision": 0.9457089693160461,
            "recall": 0.9456033799841563,
            "f1-score": 0.9455797247836837,
            "support": 7574.0
        }
    }
}