{
    "模型名称": "逻辑回归",
    "混淆矩阵": {
        "true_negative": 3496,
        "false_positive": 142,
        "false_negative": 245,
        "true_positive": 3691
    },
    "评估指标": {
        "准确率": 0.9489041457618167,
        "精确率": 0.9629533002869815,
        "召回率": 0.9377540650406504,
        "F1分数": 0.9501866392071051
    },
    "详细分类报告": {
        "0": {
            "precision": 0.9345094894413258,
            "recall": 0.9609675645959318,
            "f1-score": 0.9475538690879522,
            "support": 3638.0
        },
        "1": {
            "precision": 0.9629533002869815,
            "recall": 0.9377540650406504,
            "f1-score": 0.9501866392071051,
            "support": 3936.0
        },
        "accuracy": 0.9489041457618167,
        "macro avg": {
            "precision": 0.9487313948641536,
            "recall": 0.949360814818291,
            "f1-score": 0.9488702541475287,
            "support": 7574.0
        },
        "weighted avg": {
            "precision": 0.9492909575544102,
            "recall": 0.9489041457618167,
            "f1-score": 0.9489220474862867,
            "support": 7574.0
        }
    }
}