{
    "模型名称": "随机森林",
    "混淆矩阵": {
        "true_negative": 3342,
        "false_positive": 296,
        "false_negative": 236,
        "true_positive": 3700
    },
    "评估指标": {
        "准确率": 0.9297597042513863,
        "精确率": 0.9259259259259259,
        "召回率": 0.9400406504065041,
        "F1分数": 0.9329299041855774
    },
    "详细分类报告": {
        "0": {
            "precision": 0.9340413638904416,
            "recall": 0.9186366135239142,
            "f1-score": 0.9262749445676275,
            "support": 3638.0
        },
        "1": {
            "precision": 0.9259259259259259,
            "recall": 0.9400406504065041,
            "f1-score": 0.9329299041855774,
            "support": 3936.0
        },
        "accuracy": 0.9297597042513863,
        "macro avg": {
            "precision": 0.9299836449081837,
            "recall": 0.9293386319652092,
            "f1-score": 0.9296024243766025,
            "support": 7574.0
        },
        "weighted avg": {
            "precision": 0.9298239934351559,
            "recall": 0.9297597042513863,
            "f1-score": 0.929733344495836,
            "support": 7574.0
        }
    }
}